time	V(c,n)
0.000000000000000e+000	-1.696440e+002	
6.70000e-06	-1.64808e+02
1.13300e-04	-1.94028e+02
1.14000e-04	-1.93738e+02
2.05700e-04	-1.26758e+02
2.06000e-04	-1.27002e+02
2.87840e-04	-1.51293e+02
3.11300e-04	-1.58602e+02
3.12000e-04	-1.58336e+02
3.23700e-04	-1.50266e+02
4.24300e-04	-1.82064e+02
4.25000e-04	-1.81804e+02
5.29000e-04	-1.10151e+02
5.43857e-04	-1.12724e+02
5.57714e-04	-1.19548e+02
6.27300e-04	-1.43765e+02
6.28000e-04	-1.43597e+02
6.42700e-04	-1.34093e+02
7.35300e-04	-1.67752e+02
7.36000e-04	-1.67525e+02
8.42400e-04	-9.93477e+01
8.54700e-04	-9.19279e+01
9.43000e-04	-1.27036e+02
9.43300e-04	-1.27284e+02
9.44000e-04	-1.27059e+02
9.61700e-04	-1.16545e+02
1.04530e-03	-1.51363e+02
1.04600e-03	-1.51173e+02
1.14043e-03	-9.56425e+01
1.17970e-03	-7.33977e+01
1.25830e-03	-1.09235e+02
1.25900e-03	-1.09139e+02
1.28170e-03	-9.69074e+01
1.35630e-03	-1.32368e+02
1.35700e-03	-1.32220e+02
1.45600e-03	-7.99254e+01
1.50470e-03	-5.53399e+01
1.57230e-03	-9.04258e+01
1.57300e-03	-9.03521e+01
1.60270e-03	-7.61872e+01
1.66690e-03	-1.10727e+02
1.76000e-03	-6.74216e+01
1.76030e-03	-6.75077e+01
1.81929e-03	-4.10773e+01
1.82970e-03	-3.67795e+01
1.88630e-03	-7.00430e+01
1.88700e-03	-6.99772e+01
1.92370e-03	-5.49615e+01
1.97630e-03	-8.69578e+01
1.97700e-03	-8.69033e+01
2.07500e-03	-4.83051e+01
2.07530e-03	-4.83720e+01
2.14286e-03	-2.30319e+01
2.15470e-03	-1.90117e+01
2.19930e-03	-4.84704e+01
2.20000e-03	-4.84542e+01
2.24570e-03	-3.30430e+01
2.28730e-03	-6.14114e+01
2.28800e-03	-6.14081e+01
2.39000e-03	-2.88112e+01
2.39030e-03	-2.89795e+01
2.45314e-03	-1.00349e+01
2.47870e-03	-3.00554e+00
2.51130e-03	-2.70186e+01
2.51200e-03	-2.70540e+01
2.56870e-03	-1.21833e+01
2.59730e-03	-3.38793e+01
2.59800e-03	-3.39286e+01
2.69000e-03	-1.14961e+01
2.69030e-03	-1.16085e+01
2.74688e-03	1.21450e+00
2.80370e-03	1.28989e+01
2.82430e-03	-3.92464e+00
2.82500e-03	-4.01377e+00
2.89170e-03	8.32817e+00
2.89200e-03	7.92558e+00
2.90830e-03	-5.66950e+00
2.90900e-03	-5.77392e+00
2.99084e-03	7.77485e+00
3.06757e-03	1.88940e+01
3.12770e-03	2.63704e+01
3.13530e-03	1.95059e+01
3.13600e-03	1.93628e+01
3.21400e-03	2.77944e+01
3.21900e-03	2.43082e+01
3.21910e-03	2.35101e+01
3.22000e-03	2.31490e+01
3.29643e-03	2.98160e+01
3.38586e-03	3.56446e+01
3.44730e-03	3.83632e+01
3.44800e-03	3.88717e+01
3.45170e-03	4.26239e+01
3.53030e-03	4.47676e+01
3.53100e-03	4.51769e+01
3.53870e-03	5.29820e+01
3.62084e-03	5.32661e+01
3.70086e-03	5.18993e+01
3.75830e-03	4.99199e+01
3.75900e-03	5.03741e+01
3.77570e-03	6.64355e+01
3.84230e-03	6.29139e+01
3.84300e-03	6.33252e+01
3.86370e-03	8.28072e+01
3.94629e-03	7.62659e+01
4.04171e-03	6.64804e+01
4.06830e-03	6.32896e+01
4.06900e-03	6.37029e+01
4.09870e-03	8.99864e+01
4.15430e-03	8.25630e+01
4.15500e-03	8.29468e+01
4.18770e-03	1.11144e+02
4.27600e-03	9.67656e+01
4.27630e-03	9.64411e+01
4.33157e-03	8.64657e+01
4.37930e-03	7.71604e+01
4.38000e-03	7.75043e+01
4.42070e-03	1.10312e+02
4.46769e-03	1.00319e+02
4.51270e-03	1.35635e+02
4.51300e-03	1.35453e+02
4.59100e-03	1.16510e+02
4.59130e-03	1.16200e+02
4.68900e-03	9.05116e+01
4.68910e-03	9.01988e+01
4.69000e-03	9.04148e+01
4.74270e-03	1.28924e+02
4.74300e-03	1.28732e+02
4.78030e-03	1.17967e+02
4.78100e-03	1.18243e+02
4.83770e-03	1.58356e+02
4.83800e-03	1.58127e+02
4.90500e-03	1.36614e+02
4.90600e-03	1.36124e+02
4.98171e-03	1.10476e+02
5.00091e-03	1.03775e+02
5.06470e-03	1.45725e+02
5.06500e-03	1.45459e+02
5.09430e-03	1.34836e+02
5.09500e-03	1.35061e+02
5.16230e-03	1.77837e+02
5.21900e-03	1.56465e+02
5.21910e-03	1.55417e+02
5.31000e-03	1.17910e+02
5.31030e-03	1.17663e+02
5.31100e-03	1.17877e+02
5.38470e-03	1.60991e+02
5.38500e-03	1.60746e+02
5.40830e-03	1.50663e+02
5.40900e-03	1.50840e+02
5.48700e-03	1.94956e+02
5.53200e-03	1.81232e+02
5.53210e-03	1.74262e+02
5.62030e-03	1.31850e+02
5.62100e-03	1.31895e+02
5.70470e-03	1.75299e+02
5.70500e-03	1.75003e+02
5.72330e-03	1.65865e+02
5.72400e-03	1.65995e+02
5.79943e-03	2.03699e+02
5.81270e-03	2.09914e+02
5.90100e-03	1.62327e+02
5.90130e-03	1.61950e+02
5.93130e-03	1.45536e+02
5.93200e-03	1.45633e+02
6.02470e-03	1.87799e+02
6.02500e-03	1.87491e+02
6.03930e-03	1.79456e+02
6.04000e-03	1.79543e+02
6.12184e-03	2.15363e+02
6.13670e-03	2.21389e+02
6.24100e-03	1.58644e+02
6.24130e-03	1.58271e+02
6.24200e-03	1.58387e+02
6.34270e-03	1.98354e+02
6.34300e-03	1.98034e+02
6.35530e-03	1.90420e+02
6.35600e-03	1.90467e+02
6.44600e-03	2.24737e+02
6.46170e-03	2.30209e+02
6.55230e-03	1.70714e+02
6.55300e-03	1.70678e+02
6.66070e-03	2.07816e+02
6.66100e-03	2.07463e+02
6.67230e-03	1.99883e+02
6.67300e-03	1.99893e+02
6.76471e-03	2.30144e+02
6.78570e-03	2.36523e+02
6.86430e-03	1.81081e+02
6.86500e-03	1.81066e+02
6.97770e-03	2.14690e+02
6.97800e-03	2.14341e+02
6.99030e-03	2.05530e+02
6.99100e-03	2.05508e+02
7.09100e-03	2.34066e+02
7.09130e-03	2.33975e+02
7.10870e-03	2.38635e+02
7.17530e-03	1.88992e+02
7.17600e-03	1.88951e+02
7.29470e-03	2.19879e+02
7.29500e-03	2.19525e+02
7.30930e-03	2.08750e+02
7.31000e-03	2.08703e+02
7.41500e-03	2.34940e+02
7.43170e-03	2.38698e+02
7.48830e-03	1.94725e+02
7.48900e-03	1.94663e+02
7.60970e-03	2.22533e+02
7.61000e-03	2.22188e+02
7.62830e-03	2.07875e+02
7.62900e-03	2.07808e+02
7.74814e-03	2.34378e+02
7.75470e-03	2.35552e+02
7.80081e-03	1.98786e+02
7.92470e-03	2.24900e+02
7.92500e-03	2.24539e+02
7.94830e-03	2.05845e+02
7.94900e-03	2.05765e+02
8.07670e-03	2.31810e+02
8.07700e-03	2.31416e+02
8.11330e-03	2.01959e+02
8.11400e-03	2.01873e+02
8.23970e-03	2.26600e+02
8.26930e-03	2.02362e+02
8.27000e-03	2.02274e+02
8.39770e-03	2.26918e+02
8.42730e-03	2.02577e+02
8.42800e-03	2.02486e+02
8.55270e-03	2.26139e+02
8.59030e-03	1.95162e+02
8.59100e-03	1.95070e+02
8.71870e-03	2.19348e+02
8.74130e-03	2.00767e+02
8.74200e-03	2.00676e+02
8.86670e-03	2.24449e+02
8.91230e-03	1.86977e+02
8.91300e-03	1.86886e+02
9.03870e-03	2.11377e+02
9.05630e-03	1.97019e+02
9.05700e-03	1.96933e+02
9.17870e-03	2.21071e+02
9.23430e-03	1.75881e+02
9.23500e-03	1.75798e+02
9.34386e-03	1.98306e+02
9.35770e-03	2.01206e+02
9.37230e-03	1.89498e+02
9.37300e-03	1.89423e+02
9.49070e-03	2.14607e+02
9.55830e-03	1.60834e+02
9.55900e-03	1.60800e+02
9.61688e-03	1.73864e+02
9.67670e-03	1.87721e+02
9.68830e-03	1.78687e+02
9.68900e-03	1.78628e+02
9.80270e-03	2.05822e+02
9.88130e-03	1.45416e+02
9.88200e-03	1.45442e+02
9.96271e-03	1.66195e+02
9.99370e-03	1.74396e+02
1.00063e-02	1.64993e+02
1.00070e-02	1.64957e+02
1.01137e-02	1.94031e+02
1.01971e-02	1.32834e+02
1.02053e-02	1.27021e+02
1.02060e-02	1.26995e+02
1.02469e-02	1.39033e+02
1.03117e-02	1.58617e+02
1.03233e-02	1.50437e+02
1.03240e-02	1.50430e+02
1.04247e-02	1.82084e+02
1.04994e-02	1.30373e+02
1.05293e-02	1.10120e+02
1.05300e-02	1.10129e+02
1.05993e-02	1.33885e+02
1.06277e-02	1.43848e+02
1.06423e-02	1.34247e+02
1.06430e-02	1.34273e+02
1.07357e-02	1.67791e+02
1.07660e-02	1.48185e+02
1.08424e-02	9.94333e+01
1.08543e-02	9.20668e+01
1.08550e-02	9.21108e+01
1.09043e-02	1.11526e+02
1.09437e-02	1.27318e+02
1.09613e-02	1.16677e+02
1.09620e-02	1.16740e+02
1.10457e-02	1.51423e+02
1.10880e-02	1.26367e+02
1.11597e-02	8.45763e+01
1.11793e-02	7.35189e+01
1.11800e-02	7.36047e+01
1.12469e-02	1.03927e+02
1.12587e-02	1.09358e+02
1.12813e-02	9.70171e+01
1.12820e-02	9.71212e+01
1.13567e-02	1.32452e+02
1.14100e-02	1.04089e+02
1.14720e-02	7.17692e+01
1.15043e-02	5.54369e+01
1.15050e-02	5.55684e+01
1.15727e-02	9.05568e+01
1.16023e-02	7.62718e+01
1.16030e-02	7.64207e+01
1.16670e-02	1.10740e+02
1.17030e-02	9.37436e+01
1.17610e-02	6.71271e+01
1.18293e-02	3.67631e+01
1.18300e-02	3.70275e+01
1.18867e-02	7.01725e+01
1.19233e-02	5.49984e+01
1.19240e-02	5.52227e+01
1.19767e-02	8.70947e+01
1.20520e-02	5.72146e+01
1.21206e-02	3.12706e+01
1.21543e-02	1.90433e+01
1.21550e-02	1.92758e+01
1.21997e-02	4.86285e+01
1.22453e-02	3.30710e+01
1.22460e-02	3.33207e+01
1.22877e-02	6.15775e+01
1.23591e-02	3.85038e+01
1.24283e-02	1.73918e+01
1.24783e-02	3.00064e+00
1.24790e-02	3.30013e+00
1.25117e-02	2.72063e+01
1.25683e-02	1.21810e+01
1.25690e-02	1.24850e+01
1.25977e-02	3.40754e+01
1.26506e-02	2.09575e+01
1.27177e-02	5.23440e+00
1.27878e-02	-9.80245e+00
1.28033e-02	-1.29181e+01
1.28040e-02	-1.25759e+01
1.28247e-02	4.14307e+00
1.28816e-02	-6.65119e+00
1.28913e-02	-8.28901e+00
1.28920e-02	-7.93279e+00
1.29087e-02	5.89669e+00
1.29499e-02	-1.14000e+00
1.30230e-02	-1.25985e+01
1.30973e-02	-2.27644e+01
1.31273e-02	-2.64111e+01
1.31280e-02	-2.60115e+01
1.31357e-02	-1.92587e+01
1.31917e-02	-2.55194e+01
1.32143e-02	-2.76815e+01
1.32150e-02	-2.72668e+01
1.32197e-02	-2.30910e+01
1.32659e-02	-2.72766e+01
1.33400e-02	-3.28729e+01
1.34164e-02	-3.70610e+01
1.34477e-02	-3.84859e+01
1.34513e-02	-4.23193e+01
1.34520e-02	-4.25707e+01
1.35189e-02	-4.45266e+01
1.35307e-02	-4.48203e+01
1.35383e-02	-5.26806e+01
1.35390e-02	-5.29158e+01
1.35799e-02	-5.32477e+01
1.36577e-02	-5.28500e+01
1.37437e-02	-5.05136e+01
1.37587e-02	-5.00109e+01
1.37753e-02	-6.61563e+01
1.37760e-02	-6.63500e+01
1.38427e-02	-6.29777e+01
1.38633e-02	-8.25390e+01
1.38640e-02	-8.27131e+01
1.39326e-02	-7.74505e+01
1.40023e-02	-7.07036e+01
1.40687e-02	-6.33602e+01
1.40983e-02	-8.97481e+01
1.40990e-02	-8.98717e+01
1.41547e-02	-8.26152e+01
1.41873e-02	-1.10921e+02
1.41880e-02	-1.11019e+02
1.42372e-02	-1.03225e+02
1.42960e-02	-9.30435e+01
1.43797e-02	-7.71895e+01
1.44203e-02	-1.10120e+02
1.44210e-02	-1.10167e+02
1.44679e-02	-1.00362e+02
1.44680e-02	-1.00605e+02
1.45123e-02	-1.35414e+02
1.45130e-02	-1.35453e+02
1.45539e-02	-1.25651e+02
1.46203e-02	-1.08824e+02
1.46897e-02	-9.01589e+01
1.47423e-02	-1.28765e+02
1.47430e-02	-1.28732e+02
1.47807e-02	-1.17957e+02
1.48290e-02	-1.52391e+02
1.48373e-02	-1.58125e+02
1.48380e-02	-1.58134e+02
1.48954e-02	-1.39729e+02
1.49720e-02	-1.13788e+02
1.50000e-02	-1.04155e+02
1.50087e-02	-1.10114e+02
1.50643e-02	-1.46530e+02
1.50650e-02	-1.46502e+02
1.50947e-02	-1.35821e+02
1.51429e-02	-1.66610e+02
1.51623e-02	-1.78720e+02
1.51630e-02	-1.78674e+02
1.52258e-02	-1.53698e+02
1.53107e-02	-1.18454e+02
1.53841e-02	-1.61560e+02
1.53850e-02	-1.61499e+02
1.54087e-02	-1.51295e+02
1.54536e-02	-1.76838e+02
1.54873e-02	-1.95538e+02
1.54880e-02	-1.95439e+02
1.55330e-02	-1.74346e+02
1.56207e-02	-1.32062e+02
1.56921e-02	-1.69218e+02
1.57043e-02	-1.75370e+02
1.57050e-02	-1.75246e+02
1.57237e-02	-1.65979e+02
1.57745e-02	-1.91525e+02
1.58123e-02	-2.09907e+02
1.58130e-02	-2.09760e+02
1.58460e-02	-1.92119e+02
1.59317e-02	-1.45340e+02
1.60109e-02	-1.81519e+02
1.60243e-02	-1.87479e+02
1.60250e-02	-1.87311e+02
1.60397e-02	-1.79136e+02
1.60809e-02	-1.97354e+02
1.61363e-02	-2.21058e+02
1.61370e-02	-2.20851e+02
1.62051e-02	-1.80031e+02
1.62417e-02	-1.57836e+02
1.63238e-02	-1.90680e+02
1.63423e-02	-1.97859e+02
1.63430e-02	-1.97651e+02
1.63557e-02	-1.89886e+02
1.64010e-02	-2.07364e+02
1.64613e-02	-2.29790e+02
1.64620e-02	-2.29534e+02
1.65527e-02	-1.70120e+02
1.66447e-02	-2.02114e+02
1.66603e-02	-2.07346e+02
1.66610e-02	-2.07102e+02
1.66727e-02	-1.99358e+02
1.67341e-02	-2.19876e+02
1.67853e-02	-2.36201e+02
1.67860e-02	-2.35924e+02
1.68647e-02	-1.80631e+02
1.69548e-02	-2.07833e+02
1.69773e-02	-2.14417e+02
1.69780e-02	-2.14141e+02
1.69907e-02	-2.05152e+02
1.70624e-02	-2.25897e+02
1.71083e-02	-2.38510e+02
1.71090e-02	-2.38214e+02
1.71757e-02	-1.88715e+02
1.72941e-02	-2.19882e+02
1.72950e-02	-2.19526e+02
1.73097e-02	-2.08546e+02
1.73889e-02	-2.28568e+02
1.74313e-02	-2.38762e+02
1.74320e-02	-2.38446e+02
1.74887e-02	-1.94594e+02
1.76093e-02	-2.22703e+02
1.76100e-02	-2.22303e+02
1.76287e-02	-2.07789e+02
1.77247e-02	-2.29412e+02
1.77543e-02	-2.35727e+02
1.77550e-02	-2.35395e+02
1.78010e-02	-1.98859e+02
1.78261e-02	-2.04440e+02
1.79243e-02	-2.25027e+02
1.79250e-02	-2.24689e+02
1.79487e-02	-2.05775e+02
1.80686e-02	-2.30459e+02
1.80763e-02	-2.31899e+02
1.80770e-02	-2.31560e+02
1.81137e-02	-2.01873e+02
1.82393e-02	-2.26768e+02
1.82400e-02	-2.26372e+02
1.82697e-02	-2.02252e+02
1.83973e-02	-2.27054e+02
1.83980e-02	-2.26661e+02
1.84277e-02	-2.02434e+02
1.85523e-02	-2.26245e+02
1.85530e-02	-2.25862e+02
1.85907e-02	-1.94983e+02
1.87183e-02	-2.19393e+02
1.87190e-02	-2.19044e+02
1.87417e-02	-2.00558e+02
1.88663e-02	-2.24481e+02
1.88670e-02	-2.24112e+02
1.89127e-02	-1.86736e+02
1.90383e-02	-2.11368e+02
1.90390e-02	-2.11024e+02
1.90567e-02	-1.96763e+02
1.91783e-02	-2.21055e+02
1.91790e-02	-2.20703e+02
1.92347e-02	-1.75612e+02
1.93573e-02	-2.01122e+02
1.93580e-02	-2.00857e+02
1.93727e-02	-1.89231e+02
1.94903e-02	-2.14573e+02
1.94910e-02	-2.14241e+02
1.95587e-02	-1.60598e+02
1.96760e-02	-1.87502e+02
1.96763e-02	-1.87719e+02
1.96770e-02	-1.87364e+02
1.96887e-02	-1.78441e+02
1.98023e-02	-2.05795e+02
1.98030e-02	-2.05481e+02
1.98817e-02	-1.45234e+02
1.99930e-02	-1.74182e+02
1.99933e-02	-1.74403e+02
1.99940e-02	-1.74073e+02
2.00067e-02	-1.64785e+02
2.01133e-02	-1.94017e+02
2.01140e-02	-1.93727e+02
2.02057e-02	-1.26754e+02
2.02060e-02	-1.26999e+02
2.02878e-02	-1.51295e+02
2.03113e-02	-1.58605e+02
2.03120e-02	-1.58339e+02
2.03237e-02	-1.50270e+02
2.04243e-02	-1.82074e+02
2.04250e-02	-1.81814e+02
2.05290e-02	-1.10167e+02
2.05439e-02	-1.12737e+02
2.05577e-02	-1.19564e+02
2.06273e-02	-1.43784e+02
2.06280e-02	-1.43616e+02
2.06427e-02	-1.34112e+02
2.07353e-02	-1.67773e+02
2.07360e-02	-1.67546e+02
2.08424e-02	-9.93695e+01
2.08547e-02	-9.19494e+01
2.09430e-02	-1.27058e+02
2.09433e-02	-1.27305e+02
2.09440e-02	-1.27080e+02
2.09617e-02	-1.16566e+02
2.10453e-02	-1.51382e+02
2.10460e-02	-1.51193e+02
2.11404e-02	-9.56602e+01
2.11797e-02	-7.34144e+01
2.12583e-02	-1.09249e+02
2.12590e-02	-1.09153e+02
2.12817e-02	-9.69211e+01
2.13563e-02	-1.32379e+02
2.13570e-02	-1.32232e+02
2.14560e-02	-7.99336e+01
2.15047e-02	-5.53464e+01
2.15723e-02	-9.04302e+01
2.15730e-02	-9.03565e+01
2.16027e-02	-7.61906e+01
2.16669e-02	-1.10729e+02
2.17600e-02	-6.74207e+01
2.17603e-02	-6.75064e+01
2.18193e-02	-4.10750e+01
2.18297e-02	-3.67767e+01
2.18863e-02	-7.00390e+01
2.18870e-02	-6.99731e+01
2.19237e-02	-5.49568e+01
2.19763e-02	-8.69521e+01
2.19770e-02	-8.68976e+01
2.20750e-02	-4.82980e+01
2.20753e-02	-4.83650e+01
2.21429e-02	-2.30242e+01
2.21547e-02	-1.90039e+01
2.21993e-02	-4.84623e+01
2.22000e-02	-4.84462e+01
2.22457e-02	-3.30348e+01
2.22873e-02	-6.14031e+01
2.22880e-02	-6.13998e+01
2.23900e-02	-2.88029e+01
2.23903e-02	-2.89714e+01
2.24531e-02	-1.00268e+01
2.24787e-02	-2.99776e+00
2.25113e-02	-2.70110e+01
2.25120e-02	-2.70464e+01
2.25687e-02	-1.21762e+01
2.25973e-02	-3.38725e+01
2.25980e-02	-3.39218e+01
2.26900e-02	-1.14901e+01
2.26903e-02	-1.16027e+01
2.27469e-02	1.21980e+00
2.28037e-02	1.29035e+01
2.28243e-02	-3.92033e+00
2.28250e-02	-4.00949e+00
2.28917e-02	8.33165e+00
2.28920e-02	7.92904e+00
2.29083e-02	-5.66625e+00
2.29090e-02	-5.77067e+00
2.29908e-02	7.77704e+00
2.30676e-02	1.88953e+01
2.31277e-02	2.63710e+01
2.31353e-02	1.95064e+01
2.31360e-02	1.93633e+01
2.32140e-02	2.77940e+01
2.32190e-02	2.43079e+01
2.32191e-02	2.35097e+01
2.32200e-02	2.31486e+01
2.32964e-02	2.98149e+01
2.33859e-02	3.56427e+01
2.34473e-02	3.83609e+01
2.34480e-02	3.88694e+01
2.34517e-02	4.26216e+01
2.35303e-02	4.47649e+01
2.35310e-02	4.51741e+01
2.35387e-02	5.29793e+01
2.36208e-02	5.32631e+01
2.37009e-02	5.18961e+01
2.37583e-02	4.99166e+01
2.37590e-02	5.03709e+01
2.37757e-02	6.64323e+01
2.38423e-02	6.29107e+01
2.38430e-02	6.33220e+01
2.38637e-02	8.28041e+01
2.39463e-02	7.62628e+01
2.40417e-02	6.64777e+01
2.40683e-02	6.32869e+01
2.40690e-02	6.37003e+01
2.40987e-02	8.99839e+01
2.41543e-02	8.25607e+01
2.41550e-02	8.29446e+01
2.41877e-02	1.11142e+02
2.42760e-02	9.67639e+01
2.42763e-02	9.64393e+01
2.43316e-02	8.64643e+01
2.43793e-02	7.71591e+01
2.43800e-02	7.75031e+01
2.44207e-02	1.10311e+02
2.44677e-02	1.00318e+02
2.45127e-02	1.35635e+02
2.45130e-02	1.35453e+02
2.45910e-02	1.16510e+02
2.45913e-02	1.16200e+02
2.46890e-02	9.05121e+01
2.46891e-02	9.01992e+01
2.46900e-02	9.04152e+01
2.47427e-02	1.28924e+02
2.47430e-02	1.28732e+02
2.47803e-02	1.17968e+02
2.47810e-02	1.18244e+02
2.48377e-02	1.58357e+02
2.48380e-02	1.58128e+02
2.49050e-02	1.36615e+02
2.49060e-02	1.36126e+02
2.49810e-02	1.10722e+02
2.49999e-02	1.04140e+02
2.50647e-02	1.46755e+02
2.50650e-02	1.46497e+02
2.50943e-02	1.35862e+02
2.50950e-02	1.36087e+02
2.51620e-02	1.78652e+02
2.52190e-02	1.67143e+02
2.52191e-02	1.56353e+02
2.53100e-02	1.18748e+02
2.53103e-02	1.18493e+02
2.53110e-02	1.18710e+02
2.53847e-02	1.61727e+02
2.53850e-02	1.61480e+02
2.54083e-02	1.51364e+02
2.54090e-02	1.51539e+02
2.54870e-02	1.95539e+02
2.55320e-02	1.81714e+02
2.55321e-02	1.74773e+02
2.56203e-02	1.32220e+02
2.56210e-02	1.32264e+02
2.57047e-02	1.75536e+02
2.57050e-02	1.75240e+02
2.57233e-02	1.66074e+02
2.57240e-02	1.66203e+02
2.57994e-02	2.03793e+02
2.58127e-02	2.09989e+02
2.59010e-02	1.62280e+02
2.59013e-02	1.61907e+02
2.59313e-02	1.45454e+02
2.59320e-02	1.45550e+02
2.60247e-02	1.87609e+02
2.60250e-02	1.87304e+02
2.60393e-02	1.79255e+02
2.60400e-02	1.79340e+02
2.61218e-02	2.15086e+02
2.61367e-02	2.21102e+02
2.62410e-02	1.58288e+02
2.62413e-02	1.57923e+02
2.62420e-02	1.58035e+02
2.63427e-02	1.97961e+02
2.63430e-02	1.97643e+02
2.63553e-02	1.90027e+02
2.63560e-02	1.90073e+02
2.64460e-02	2.24329e+02
2.64617e-02	2.29803e+02
2.65523e-02	1.70315e+02
2.65530e-02	1.70281e+02
2.66607e-02	2.07445e+02
2.66610e-02	2.07095e+02
2.66723e-02	1.99519e+02
2.66730e-02	1.99529e+02
2.67647e-02	2.29817e+02
2.67857e-02	2.36208e+02
2.68643e-02	1.80807e+02
2.68650e-02	1.80792e+02
2.69777e-02	2.14482e+02
2.69780e-02	2.14134e+02
2.69903e-02	2.05331e+02
2.69910e-02	2.05309e+02
2.70910e-02	2.33929e+02
2.70913e-02	2.33839e+02
2.71087e-02	2.38509e+02
2.71753e-02	1.88906e+02
2.71760e-02	1.88866e+02
2.72947e-02	2.19862e+02
2.72950e-02	2.19507e+02
2.73093e-02	2.08740e+02
2.73100e-02	2.08693e+02
2.74150e-02	2.34983e+02
2.74317e-02	2.38748e+02
2.74883e-02	1.94798e+02
2.74890e-02	1.94737e+02
2.76097e-02	2.22649e+02
2.76125e-02	2.20317e+02
2.76283e-02	2.07995e+02
2.76290e-02	2.07928e+02
2.77481e-02	2.34524e+02
2.77547e-02	2.35697e+02
2.78008e-02	1.98924e+02
2.79247e-02	2.25047e+02
2.79250e-02	2.24683e+02
2.79483e-02	2.05989e+02
2.79490e-02	2.05909e+02
2.80767e-02	2.31948e+02
2.80770e-02	2.31552e+02
2.81133e-02	2.02092e+02
2.81140e-02	2.02005e+02
2.82397e-02	2.26715e+02
2.82693e-02	2.02472e+02
2.82700e-02	2.02383e+02
2.83977e-02	2.27003e+02
2.84273e-02	2.02655e+02
2.84280e-02	2.02564e+02
2.85527e-02	2.26190e+02
2.85903e-02	1.95205e+02
2.85910e-02	1.95112e+02
2.87187e-02	2.19363e+02
2.87413e-02	2.00778e+02
2.87420e-02	2.00687e+02
2.88667e-02	2.24437e+02
2.89123e-02	1.86957e+02
2.89130e-02	1.86867e+02
2.90387e-02	2.11340e+02
2.90563e-02	1.96981e+02
2.90570e-02	1.96895e+02
2.91787e-02	2.21022e+02
2.92343e-02	1.75829e+02
2.92350e-02	1.75746e+02
2.93439e-02	1.98250e+02
2.93577e-02	2.01151e+02
2.93723e-02	1.89443e+02
2.93730e-02	1.89367e+02
2.94907e-02	2.14553e+02
2.95583e-02	1.60782e+02
2.95590e-02	1.60748e+02
2.96169e-02	1.73814e+02
2.96767e-02	1.87675e+02
2.96883e-02	1.78642e+02
2.96890e-02	1.78583e+02
2.98027e-02	2.05784e+02
2.98813e-02	1.45385e+02
2.98820e-02	1.45411e+02
2.99627e-02	1.66171e+02
2.99937e-02	1.74374e+02
3.00063e-02	1.64973e+02
3.00070e-02	1.64937e+02
3.01137e-02	1.94020e+02
3.01971e-02	1.32829e+02
3.02053e-02	1.27017e+02
3.02060e-02	1.26991e+02
3.02469e-02	1.39032e+02
3.03117e-02	1.58621e+02
3.03233e-02	1.50441e+02
3.03240e-02	1.50435e+02
3.04247e-02	1.82095e+02
3.04994e-02	1.30387e+02
3.05293e-02	1.10135e+02
3.05300e-02	1.10144e+02
3.05993e-02	1.33903e+02
3.06277e-02	1.43866e+02
3.06423e-02	1.34266e+02
3.06430e-02	1.34292e+02
3.07357e-02	1.67812e+02
3.07660e-02	1.48206e+02
3.08424e-02	9.94549e+01
3.08543e-02	9.20883e+01
3.08550e-02	9.21324e+01
3.09042e-02	1.11537e+02
3.09437e-02	1.27339e+02
3.09613e-02	1.16698e+02
3.09620e-02	1.16761e+02
3.10457e-02	1.51443e+02
3.10880e-02	1.26386e+02
3.11597e-02	8.45936e+01
3.11793e-02	7.35356e+01
3.11800e-02	7.36213e+01
3.12469e-02	1.03942e+02
3.12587e-02	1.09373e+02
3.12813e-02	9.70309e+01
3.12820e-02	9.71350e+01
3.13567e-02	1.32463e+02
3.14100e-02	1.04098e+02
3.14720e-02	7.17769e+01
3.15043e-02	5.54435e+01
3.15050e-02	5.55750e+01
3.15727e-02	9.05611e+01
3.16023e-02	7.62752e+01
3.16030e-02	7.64242e+01
3.16670e-02	1.10742e+02
3.17030e-02	9.37442e+01
3.17804e-02	5.83116e+01
3.18293e-02	3.68278e+01
3.18300e-02	3.70220e+01
3.18867e-02	7.01685e+01
3.19233e-02	5.49935e+01
3.19240e-02	5.52179e+01
3.19767e-02	8.70890e+01
3.20520e-02	5.72078e+01
3.21206e-02	3.12631e+01
3.21543e-02	1.90355e+01
3.21550e-02	1.92681e+01
3.21997e-02	4.86205e+01
3.22453e-02	3.30628e+01
3.22460e-02	3.33125e+01
3.22877e-02	6.15692e+01
3.23591e-02	3.84955e+01
3.24283e-02	1.73837e+01
3.24783e-02	2.99285e+00
3.24790e-02	3.29236e+00
3.25117e-02	2.71988e+01
3.25683e-02	1.21738e+01
3.25690e-02	1.24779e+01
3.25977e-02	3.40685e+01
3.26506e-02	2.09512e+01
3.27177e-02	5.22878e+00
3.27878e-02	-9.80722e+00
3.28033e-02	-1.29227e+01
3.28040e-02	-1.25804e+01
3.28247e-02	4.13875e+00
3.28816e-02	-6.65478e+00
3.28913e-02	-8.29250e+00
3.28920e-02	-7.93625e+00
3.29087e-02	5.89343e+00
3.29499e-02	-1.14271e+00
3.30230e-02	-1.26003e+01
3.30973e-02	-2.27653e+01
3.31273e-02	-2.64117e+01
3.31280e-02	-2.60121e+01
3.31357e-02	-1.92592e+01
3.31917e-02	-2.55193e+01
3.32143e-02	-2.76812e+01
3.32150e-02	-2.72664e+01
3.32197e-02	-2.30906e+01
3.32659e-02	-2.72757e+01
3.33400e-02	-3.28714e+01
3.34164e-02	-3.70589e+01
3.34477e-02	-3.84837e+01
3.34513e-02	-4.23170e+01
3.34520e-02	-4.25684e+01
3.35189e-02	-4.45239e+01
3.35307e-02	-4.48176e+01
3.35383e-02	-5.26779e+01
3.35390e-02	-5.29131e+01
3.35799e-02	-5.32448e+01
3.36577e-02	-5.28469e+01
3.37437e-02	-5.05104e+01
3.37587e-02	-5.00077e+01
3.37753e-02	-6.61531e+01
3.37760e-02	-6.63468e+01
3.38427e-02	-6.29745e+01
3.38633e-02	-8.25359e+01
3.38640e-02	-8.27100e+01
3.39326e-02	-7.74475e+01
3.40023e-02	-7.07007e+01
3.40687e-02	-6.33576e+01
3.40983e-02	-8.97456e+01
3.40990e-02	-8.98692e+01
3.41547e-02	-8.26129e+01
3.41873e-02	-1.10919e+02
3.41880e-02	-1.11017e+02
3.42372e-02	-1.03224e+02
3.42960e-02	-9.30420e+01
3.43797e-02	-7.71883e+01
3.44203e-02	-1.10119e+02
3.44210e-02	-1.10166e+02
3.44679e-02	-1.00361e+02
3.44680e-02	-1.00605e+02
3.45123e-02	-1.35413e+02
3.45130e-02	-1.35453e+02
3.45539e-02	-1.25651e+02
3.46203e-02	-1.08825e+02
3.46897e-02	-9.01593e+01
3.47423e-02	-1.28765e+02
3.47430e-02	-1.28733e+02
3.47807e-02	-1.17958e+02
3.48290e-02	-1.52392e+02
3.48373e-02	-1.58126e+02
3.48380e-02	-1.58135e+02
3.48954e-02	-1.39729e+02
3.49726e-02	-1.13593e+02
3.50010e-02	-1.03789e+02
3.50155e-02	-1.13571e+02
3.50643e-02	-1.45494e+02
3.50650e-02	-1.45467e+02
3.50947e-02	-1.34798e+02
3.51429e-02	-1.65613e+02
3.51623e-02	-1.77738e+02
3.51630e-02	-1.77693e+02
3.52375e-02	-1.48001e+02
3.53107e-02	-1.17623e+02
3.53841e-02	-1.60826e+02
3.53850e-02	-1.60767e+02
3.54087e-02	-1.50597e+02
3.54536e-02	-1.76207e+02
3.54873e-02	-1.94958e+02
3.54880e-02	-1.94861e+02
3.55330e-02	-1.73838e+02
3.56207e-02	-1.31694e+02
3.56921e-02	-1.68963e+02
3.57043e-02	-1.75134e+02
3.57050e-02	-1.75011e+02
3.57237e-02	-1.65773e+02
3.57743e-02	-1.91276e+02
3.58123e-02	-2.09831e+02
3.58130e-02	-2.09686e+02
3.58460e-02	-1.92091e+02
3.59317e-02	-1.45423e+02
3.60109e-02	-1.81693e+02
3.60243e-02	-1.87666e+02
3.60250e-02	-1.87498e+02
3.60397e-02	-1.79338e+02
3.60809e-02	-1.97595e+02
3.61363e-02	-2.21343e+02
3.61370e-02	-2.21137e+02
3.62051e-02	-1.80365e+02
3.62417e-02	-1.58187e+02
3.63238e-02	-1.91067e+02
3.63423e-02	-1.98248e+02
3.63430e-02	-1.98040e+02
3.63557e-02	-1.90279e+02
3.64010e-02	-2.07765e+02
3.64613e-02	-2.30195e+02
3.64620e-02	-2.29938e+02
3.65490e-02	-1.72931e+02
3.65527e-02	-1.70515e+02
3.66447e-02	-2.02489e+02
3.66603e-02	-2.07714e+02
3.66610e-02	-2.07470e+02
3.66727e-02	-1.99722e+02
3.67341e-02	-2.20215e+02
3.67853e-02	-2.36516e+02
3.67860e-02	-2.36239e+02
3.68647e-02	-1.80903e+02
3.69548e-02	-2.08054e+02
3.69773e-02	-2.14624e+02
3.69780e-02	-2.14347e+02
3.69907e-02	-2.05350e+02
3.70624e-02	-2.26052e+02
3.71083e-02	-2.38636e+02
3.71090e-02	-2.38339e+02
3.71757e-02	-1.88800e+02
3.72941e-02	-2.19899e+02
3.72950e-02	-2.19543e+02
3.73097e-02	-2.08555e+02
3.73889e-02	-2.28537e+02
3.74313e-02	-2.38712e+02
3.74320e-02	-2.38396e+02
3.74887e-02	-1.94521e+02
3.76093e-02	-2.22587e+02
3.76100e-02	-2.22189e+02
3.76287e-02	-2.07669e+02
3.77247e-02	-2.29270e+02
3.77543e-02	-2.35582e+02
3.77550e-02	-2.35250e+02
3.78010e-02	-1.98716e+02
3.78261e-02	-2.04311e+02
3.79243e-02	-2.24883e+02
3.79250e-02	-2.24546e+02
3.79487e-02	-2.05631e+02
3.80686e-02	-2.30320e+02
3.80763e-02	-2.31763e+02
3.80770e-02	-2.31423e+02
3.81137e-02	-2.01741e+02
3.82393e-02	-2.26652e+02
3.82400e-02	-2.26258e+02
3.82697e-02	-2.02143e+02
3.83973e-02	-2.26969e+02
3.83980e-02	-2.26577e+02
3.84277e-02	-2.02357e+02
3.85523e-02	-2.26194e+02
3.85530e-02	-2.25812e+02
3.85907e-02	-1.94941e+02
3.87183e-02	-2.19378e+02
3.87190e-02	-2.19029e+02
3.87417e-02	-2.00547e+02
3.88663e-02	-2.24494e+02
3.88670e-02	-2.24124e+02
3.89127e-02	-1.86756e+02
3.90383e-02	-2.11404e+02
3.90390e-02	-2.11060e+02
3.90567e-02	-1.96802e+02
3.91783e-02	-2.21103e+02
3.91790e-02	-2.20751e+02
3.92347e-02	-1.75664e+02
3.93573e-02	-2.01178e+02
3.93580e-02	-2.00912e+02
3.93727e-02	-1.89287e+02
3.94903e-02	-2.14627e+02
3.94910e-02	-2.14295e+02
3.95587e-02	-1.60650e+02
3.96760e-02	-1.87549e+02
3.96763e-02	-1.87764e+02
3.96770e-02	-1.87410e+02
3.96887e-02	-1.78486e+02
3.98023e-02	-2.05832e+02
3.98030e-02	-2.05518e+02
3.98817e-02	-1.45264e+02
3.99930e-02	-1.74203e+02
3.99933e-02	-1.74424e+02
3.99940e-02	-1.74094e+02
4.00067e-02	-1.64805e+02
4.01133e-02	-1.94028e+02
4.01140e-02	-1.93738e+02
4.02057e-02	-1.26758e+02
4.02060e-02	-1.27002e+02
4.02878e-02	-1.51293e+02
4.03113e-02	-1.58602e+02
4.03120e-02	-1.58336e+02
4.03237e-02	-1.50266e+02
4.04243e-02	-1.82064e+02
4.04250e-02	-1.81804e+02
4.05290e-02	-1.10151e+02
4.05439e-02	-1.12724e+02
4.05577e-02	-1.19548e+02
4.06273e-02	-1.43765e+02
4.06280e-02	-1.43597e+02
4.06427e-02	-1.34093e+02
4.07353e-02	-1.67752e+02
4.07360e-02	-1.67525e+02
4.08424e-02	-9.93479e+01
4.08547e-02	-9.19279e+01
4.09430e-02	-1.27036e+02
4.09433e-02	-1.27284e+02
4.09440e-02	-1.27059e+02
4.09617e-02	-1.16545e+02
4.10453e-02	-1.51363e+02
4.10460e-02	-1.51173e+02
4.11404e-02	-9.56425e+01
4.11797e-02	-7.33978e+01
4.12583e-02	-1.09235e+02
4.12590e-02	-1.09139e+02
4.12817e-02	-9.69074e+01
4.13563e-02	-1.32368e+02
4.13570e-02	-1.32220e+02
4.14560e-02	-7.99254e+01
4.15047e-02	-5.53399e+01
4.15723e-02	-9.04258e+01
4.15730e-02	-9.03522e+01
4.16027e-02	-7.61872e+01
4.16669e-02	-1.10727e+02
4.17600e-02	-6.74216e+01
4.17603e-02	-6.75077e+01
4.18193e-02	-4.10773e+01
4.18297e-02	-3.67795e+01
4.18863e-02	-7.00430e+01
4.18870e-02	-6.99772e+01
4.19237e-02	-5.49615e+01
4.19763e-02	-8.69578e+01
4.19770e-02	-8.69033e+01
4.20750e-02	-4.83051e+01
4.20753e-02	-4.83719e+01
4.21429e-02	-2.30320e+01
4.21547e-02	-1.90117e+01
4.21993e-02	-4.84703e+01
4.22000e-02	-4.84542e+01
4.22457e-02	-3.30430e+01
4.22873e-02	-6.14114e+01
4.22880e-02	-6.14081e+01
4.23900e-02	-2.88112e+01
4.23903e-02	-2.89795e+01
4.24531e-02	-1.00349e+01
4.24787e-02	-3.00553e+00
4.25113e-02	-2.70186e+01
4.25120e-02	-2.70539e+01
4.25687e-02	-1.21833e+01
4.25973e-02	-3.38793e+01
4.25980e-02	-3.39286e+01
4.26900e-02	-1.14961e+01
4.26903e-02	-1.16085e+01
4.27469e-02	1.21450e+00
4.28037e-02	1.28989e+01
4.28243e-02	-3.92463e+00
4.28250e-02	-4.01376e+00
4.28917e-02	8.32818e+00
4.28920e-02	7.92559e+00
4.29083e-02	-5.66950e+00
4.29090e-02	-5.77391e+00
4.29908e-02	7.77486e+00
4.30676e-02	1.88940e+01
4.31277e-02	2.63704e+01
4.31353e-02	1.95059e+01
4.31360e-02	1.93628e+01
4.32140e-02	2.77944e+01
4.32190e-02	2.43082e+01
4.32191e-02	2.35101e+01
4.32200e-02	2.31490e+01
4.32964e-02	2.98161e+01
4.33860e-02	3.56525e+01
4.34473e-02	3.83632e+01
4.34480e-02	3.88717e+01
4.34517e-02	4.26239e+01
4.35303e-02	4.47676e+01
4.35310e-02	4.51769e+01
4.35387e-02	5.29820e+01
4.36208e-02	5.32661e+01
4.37009e-02	5.18993e+01
4.37583e-02	4.99199e+01
4.37590e-02	5.03741e+01
4.37757e-02	6.64355e+01
4.38423e-02	6.29139e+01
4.38430e-02	6.33251e+01
4.38637e-02	8.28072e+01
4.39463e-02	7.62659e+01
4.40417e-02	6.64804e+01
4.40683e-02	6.32896e+01
4.40690e-02	6.37029e+01
4.40987e-02	8.99864e+01
4.41543e-02	8.25629e+01
4.41550e-02	8.29468e+01
4.41877e-02	1.11144e+02
4.42760e-02	9.67656e+01
4.42763e-02	9.64411e+01
4.43316e-02	8.64657e+01
4.43793e-02	7.71604e+01
4.43800e-02	7.75043e+01
4.44207e-02	1.10312e+02
4.44677e-02	1.00319e+02
4.45127e-02	1.35635e+02
4.45130e-02	1.35453e+02
4.45910e-02	1.16510e+02
4.45913e-02	1.16200e+02
4.46890e-02	9.05116e+01
4.46891e-02	9.01988e+01
4.46900e-02	9.04148e+01
4.47427e-02	1.28924e+02
4.47430e-02	1.28732e+02
4.47803e-02	1.17967e+02
4.47810e-02	1.18243e+02
4.48377e-02	1.58356e+02
4.48380e-02	1.58127e+02
4.49050e-02	1.36614e+02
4.49060e-02	1.36124e+02
4.49810e-02	1.10721e+02
4.49999e-02	1.04139e+02
4.50647e-02	1.46754e+02
4.50650e-02	1.46496e+02
4.50943e-02	1.35861e+02
4.50950e-02	1.36086e+02
4.51620e-02	1.78651e+02
4.52190e-02	1.67142e+02
4.52191e-02	1.56351e+02
4.53100e-02	1.18746e+02
4.53103e-02	1.18492e+02
4.53110e-02	1.18709e+02
4.53847e-02	1.61726e+02
4.53850e-02	1.61479e+02
4.54083e-02	1.51363e+02
4.54090e-02	1.51538e+02
4.54870e-02	1.95537e+02
4.55320e-02	1.81715e+02
4.55321e-02	1.74772e+02
4.56203e-02	1.32219e+02
4.56210e-02	1.32264e+02
4.57047e-02	1.75535e+02
4.57050e-02	1.75239e+02
4.57233e-02	1.66073e+02
4.57240e-02	1.66202e+02
4.57994e-02	2.03793e+02
4.58127e-02	2.09989e+02
4.59010e-02	1.62280e+02
4.59013e-02	1.61907e+02
4.59313e-02	1.45454e+02
4.59320e-02	1.45550e+02
4.60247e-02	1.87609e+02
4.60250e-02	1.87304e+02
4.60393e-02	1.79255e+02
4.60400e-02	1.79340e+02
4.61218e-02	2.15086e+02
4.61367e-02	2.21103e+02
4.62410e-02	1.58288e+02
4.62413e-02	1.57923e+02
4.62420e-02	1.58035e+02
4.63427e-02	1.97961e+02
4.63430e-02	1.97644e+02
4.63553e-02	1.90027e+02
4.63560e-02	1.90073e+02
4.64460e-02	2.24330e+02
4.64617e-02	2.29804e+02
4.65523e-02	1.70316e+02
4.65530e-02	1.70282e+02
4.66607e-02	2.07445e+02
4.66610e-02	2.07095e+02
4.66723e-02	1.99519e+02
4.66730e-02	1.99530e+02
4.67647e-02	2.29817e+02
4.67857e-02	2.36208e+02
4.68643e-02	1.80808e+02
4.68650e-02	1.80793e+02
4.69777e-02	2.14483e+02
4.69780e-02	2.14134e+02
4.69903e-02	2.05331e+02
4.69910e-02	2.05310e+02
4.70910e-02	2.33929e+02
4.70913e-02	2.33839e+02
4.71087e-02	2.38509e+02
4.71753e-02	1.88906e+02
4.71760e-02	1.88866e+02
4.72947e-02	2.19863e+02
4.72950e-02	2.19508e+02
4.73093e-02	2.08740e+02
4.73100e-02	2.08693e+02
4.74150e-02	2.34983e+02
4.74317e-02	2.38748e+02
4.74883e-02	1.94798e+02
4.74890e-02	1.94737e+02
4.76097e-02	2.22649e+02
4.76100e-02	2.22303e+02
4.76283e-02	2.07995e+02
4.76290e-02	2.07928e+02
4.77481e-02	2.34524e+02
4.77547e-02	2.35697e+02
4.78008e-02	1.98924e+02
4.79247e-02	2.25047e+02
4.79250e-02	2.24683e+02
4.79483e-02	2.05989e+02
4.79490e-02	2.05909e+02
4.80767e-02	2.31948e+02
4.80770e-02	2.31552e+02
4.81133e-02	2.02092e+02
4.81140e-02	2.02005e+02
4.82397e-02	2.26715e+02
4.82693e-02	2.02472e+02
4.82700e-02	2.02383e+02
4.83977e-02	2.27003e+02
4.84273e-02	2.02655e+02
4.84280e-02	2.02564e+02
4.85527e-02	2.26189e+02
4.85903e-02	1.95205e+02
4.85910e-02	1.95112e+02
4.87187e-02	2.19363e+02
4.87413e-02	2.00778e+02
4.87420e-02	2.00687e+02
4.88667e-02	2.24437e+02
4.89123e-02	1.86957e+02
4.89130e-02	1.86867e+02
4.90387e-02	2.11340e+02
4.90563e-02	1.96981e+02
4.90570e-02	1.96895e+02
4.91787e-02	2.21022e+02
4.92343e-02	1.75829e+02
4.92350e-02	1.75746e+02
4.93439e-02	1.98250e+02
4.93577e-02	2.01151e+02
4.93723e-02	1.89443e+02
4.93730e-02	1.89367e+02
4.94907e-02	2.14553e+02
4.95583e-02	1.60782e+02
4.95590e-02	1.60748e+02
4.96169e-02	1.73814e+02
4.96767e-02	1.87675e+02
4.96883e-02	1.78642e+02
4.96890e-02	1.78583e+02
4.98027e-02	2.05785e+02
4.98813e-02	1.45385e+02
4.98820e-02	1.45412e+02
4.99627e-02	1.66172e+02
4.99937e-02	1.74374e+02
5.00000e-02	1.69623e+02
